"name","Freq"
"CNAG_00004",1
"CNAG_00005",1
"CNAG_00008",3
"CNAG_00010",1
"CNAG_00013",1
"CNAG_00015",1
"CNAG_00017",2
"CNAG_00018",5
"CNAG_00019",1
"CNAG_00020",2
"CNAG_00043",1
"CNAG_00073",7
"CNAG_00074",3
"CNAG_00075",4
"CNAG_00078",3
"CNAG_00079",1
"CNAG_00080",2
"CNAG_00081",1
"CNAG_00084",2
"CNAG_00090",1
"CNAG_00092",3
"CNAG_00093",91
"CNAG_00094",32
"CNAG_00095",14
"CNAG_00096",6
"CNAG_00098",1
"CNAG_00099",2
"CNAG_00101",1
"CNAG_00104",1
"CNAG_00105",3
"CNAG_00106",2
"CNAG_00117",4
"CNAG_00119",1
"CNAG_00122",3
"CNAG_00127",1
"CNAG_00132",3
"CNAG_00133",1
"CNAG_00136",1
"CNAG_00137",1
"CNAG_00140",1
"CNAG_00142",2
"CNAG_00143",1
"CNAG_00144",1
"CNAG_00150",3
"CNAG_00151",7
"CNAG_00152",2
"CNAG_00154",2
"CNAG_00156",1
"CNAG_00158",2
"CNAG_00159",1
"CNAG_00160",1
"CNAG_00161",2
"CNAG_00162",1
"CNAG_00163",6
"CNAG_00164",25
"CNAG_00165",3
"CNAG_00166",5
"CNAG_00167",7
"CNAG_00171",2
"CNAG_00175",6
"CNAG_00178",2
"CNAG_00179",1
"CNAG_00181",1
"CNAG_00183",2
"CNAG_00187",1
"CNAG_00188",1
"CNAG_00190",2
"CNAG_00192",2
"CNAG_00234",1
"CNAG_00235",1
"CNAG_00239",1
"CNAG_00240",1
"CNAG_00255",1
"CNAG_00257",4
"CNAG_00258",1
"CNAG_00263",1
"CNAG_00267",1
"CNAG_00276",1
"CNAG_00288",1
"CNAG_00300",1
"CNAG_00308",1
"CNAG_00313",1
"CNAG_00326",1
"CNAG_00330",1
"CNAG_00332",2
"CNAG_00335",1
"CNAG_00337",1
"CNAG_00342",1
"CNAG_00343",1
"CNAG_00347",3
"CNAG_00364",1
"CNAG_00374",1
"CNAG_00377",4
"CNAG_00387",1
"CNAG_00388",4
"CNAG_00391",2
"CNAG_00392",1
"CNAG_00393",3
"CNAG_00394",1
"CNAG_00395",5
"CNAG_00396",1
"CNAG_00397",1
"CNAG_00398",2
"CNAG_00399",1
"CNAG_00400",1
"CNAG_00401",1
"CNAG_00402",2
"CNAG_00403",3
"CNAG_00404",2
"CNAG_00405",5
"CNAG_00406",2
"CNAG_00407",1
"CNAG_00409",1
"CNAG_00410",3
"CNAG_00413",2
"CNAG_00417",1
"CNAG_00421",1
"CNAG_00422",1
"CNAG_00423",1
"CNAG_00425",1
"CNAG_00426",1
"CNAG_00466",1
"CNAG_00474",1
"CNAG_00482",1
"CNAG_00504",1
"CNAG_00509",2
"CNAG_00512",1
"CNAG_00520",2
"CNAG_00522",3
"CNAG_00527",1
"CNAG_00535",1
"CNAG_00536",1
"CNAG_00539",3
"CNAG_00541",2
"CNAG_00542",1
"CNAG_00543",1
"CNAG_00544",1
"CNAG_00545",1
"CNAG_00546",1
"CNAG_00547",3
"CNAG_00550",1
"CNAG_00551",3
"CNAG_00556",1
"CNAG_00559",2
"CNAG_00560",2
"CNAG_00563",1
"CNAG_00564",1
"CNAG_00567",1
"CNAG_00570",1
"CNAG_00571",1
"CNAG_00574",7
"CNAG_00575",2
"CNAG_00580",3
"CNAG_00582",1
"CNAG_00583",1
"CNAG_00585",1
"CNAG_00586",2
"CNAG_00587",4
"CNAG_00588",1
"CNAG_00591",1
"CNAG_00593",2
"CNAG_00594",1
"CNAG_00595",1
"CNAG_00597",1
"CNAG_00598",1
"CNAG_00600",1
"CNAG_00601",1
"CNAG_00603",1
"CNAG_00604",1
"CNAG_00606",1
"CNAG_00607",1
"CNAG_00609",1
"CNAG_00613",1
"CNAG_00619",1
"CNAG_00622",2
"CNAG_00623",1
"CNAG_00625",2
"CNAG_00627",1
"CNAG_00632",1
"CNAG_00633",1
"CNAG_00635",2
"CNAG_00640",1
"CNAG_00641",1
"CNAG_00642",2
"CNAG_00643",2
"CNAG_00644",2
"CNAG_00647",1
"CNAG_00649",3
"CNAG_00651",2
"CNAG_00653",3
"CNAG_00654",1
"CNAG_00657",1
"CNAG_00658",1
"CNAG_00660",1
"CNAG_00662",4
"CNAG_00663",2
"CNAG_00664",28
"CNAG_00665",5
"CNAG_00666",2
"CNAG_00667",1
"CNAG_00669",2
"CNAG_00671",2
"CNAG_00674",1
"CNAG_00678",1
"CNAG_00682",1
"CNAG_00683",1
"CNAG_00687",2
"CNAG_00688",1
"CNAG_00696",1
"CNAG_00698",1
"CNAG_00699",1
"CNAG_00703",1
"CNAG_00707",1
"CNAG_00713",1
"CNAG_00714",1
"CNAG_00715",2
"CNAG_00716",1
"CNAG_00730",1
"CNAG_00732",2
"CNAG_00736",2
"CNAG_00745",1
"CNAG_00748",3
"CNAG_00753",2
"CNAG_00754",2
"CNAG_00757",2
"CNAG_00758",1
"CNAG_00759",1
"CNAG_00765",1
"CNAG_00768",2
"CNAG_00769",1
"CNAG_00770",1
"CNAG_00774",1
"CNAG_00775",1
"CNAG_00777",1
"CNAG_00782",1
"CNAG_00783",1
"CNAG_00785",1
"CNAG_00789",1
"CNAG_00791",2
"CNAG_00792",2
"CNAG_00793",4
"CNAG_00796",1
"CNAG_00797",1
"CNAG_00800",2
"CNAG_00805",5
"CNAG_00806",1
"CNAG_00823",1
"CNAG_00829",1
"CNAG_00849",1
"CNAG_00850",1
"CNAG_00851",1
"CNAG_00853",1
"CNAG_00854",6
"CNAG_00855",1
"CNAG_00864",1
"CNAG_00865",1
"CNAG_00869",2
"CNAG_00870",1
"CNAG_00871",1
"CNAG_00872",3
"CNAG_00890",1
"CNAG_00894",1
"CNAG_00895",1
"CNAG_00903",1
"CNAG_00908",2
"CNAG_00914",1
"CNAG_00915",1
"CNAG_00917",1
"CNAG_00927",1
"CNAG_00936",4
"CNAG_00938",1
"CNAG_00940",2
"CNAG_00941",1
"CNAG_00961",1
"CNAG_00968",1
"CNAG_00971",1
"CNAG_00974",1
"CNAG_00977",1
"CNAG_00978",2
"CNAG_00979",2
"CNAG_00982",1
"CNAG_00986",1
"CNAG_00987",1
"CNAG_00988",1
"CNAG_00989",1
"CNAG_00992",1
"CNAG_00998",5
"CNAG_01001",1
"CNAG_01003",1
"CNAG_01004",1
"CNAG_01008",1
"CNAG_01014",1
"CNAG_01016",2
"CNAG_01018",1
"CNAG_01023",1
"CNAG_01025",1
"CNAG_01026",1
"CNAG_01029",1
"CNAG_01031",2
"CNAG_01032",2
"CNAG_01035",1
"CNAG_01039",2
"CNAG_01040",2
"CNAG_01041",1
"CNAG_01051",2
"CNAG_01058",1
"CNAG_01059",3
"CNAG_01060",1
"CNAG_01061",3
"CNAG_01062",2
"CNAG_01069",5
"CNAG_01070",2
"CNAG_01072",1
"CNAG_01081",1
"CNAG_01084",1
"CNAG_01087",1
"CNAG_01090",1
"CNAG_01098",2
"CNAG_01106",1
"CNAG_01108",1
"CNAG_01111",1
"CNAG_01114",1
"CNAG_01115",1
"CNAG_01117",2
"CNAG_01118",1
"CNAG_01119",1
"CNAG_01120",1
"CNAG_01121",1
"CNAG_01126",2
"CNAG_01127",1
"CNAG_01134",3
"CNAG_01136",2
"CNAG_01140",1
"CNAG_01142",1
"CNAG_01143",1
"CNAG_01145",2
"CNAG_01146",4
"CNAG_01147",1
"CNAG_01149",4
"CNAG_01150",1
"CNAG_01153",5
"CNAG_01154",8
"CNAG_01155",1
"CNAG_01156",3
"CNAG_01157",1
"CNAG_01159",2
"CNAG_01161",1
"CNAG_01162",1
"CNAG_01164",2
"CNAG_01166",2
"CNAG_01167",1
"CNAG_01171",4
"CNAG_01172",1
"CNAG_01173",1
"CNAG_01183",1
"CNAG_01200",1
"CNAG_01201",1
"CNAG_01207",1
"CNAG_01208",2
"CNAG_01217",1
"CNAG_01223",1
"CNAG_01233",1
"CNAG_01238",1
"CNAG_01239",2
"CNAG_01240",1
"CNAG_01241",2
"CNAG_01243",1
"CNAG_01247",1
"CNAG_01248",1
"CNAG_01249",1
"CNAG_01250",1
"CNAG_01251",2
"CNAG_01252",2
"CNAG_01254",1
"CNAG_01255",2
"CNAG_01256",2
"CNAG_01258",5
"CNAG_01261",1
"CNAG_01263",2
"CNAG_01273",1
"CNAG_01277",2
"CNAG_01278",2
"CNAG_01288",1
"CNAG_01292",1
"CNAG_01297",1
"CNAG_01299",1
"CNAG_01300",1
"CNAG_01304",1
"CNAG_01306",1
"CNAG_01308",2
"CNAG_01314",1
"CNAG_01315",1
"CNAG_01321",2
"CNAG_01322",1
"CNAG_01323",3
"CNAG_01330",1
"CNAG_01332",1
"CNAG_01333",1
"CNAG_01334",9
"CNAG_01335",1
"CNAG_01336",1
"CNAG_01337",2
"CNAG_01343",2
"CNAG_01344",1
"CNAG_01348",1
"CNAG_01349",1
"CNAG_01350",2
"CNAG_01352",1
"CNAG_01353",1
"CNAG_01356",10
"CNAG_01357",1
"CNAG_01358",2
"CNAG_01361",2
"CNAG_01362",1
"CNAG_01363",1
"CNAG_01365",2
"CNAG_01371",2
"CNAG_01373",1
"CNAG_01375",1
"CNAG_01376",2
"CNAG_01385",1
"CNAG_01387",1
"CNAG_01388",3
"CNAG_01389",8
"CNAG_01390",4
"CNAG_01391",4
"CNAG_01392",1
"CNAG_01398",1
"CNAG_01400",1
"CNAG_01401",2
"CNAG_01402",2
"CNAG_01403",1
"CNAG_01404",3
"CNAG_01408",3
"CNAG_01418",1
"CNAG_01423",2
"CNAG_01425",1
"CNAG_01428",1
"CNAG_01429",1
"CNAG_01430",1
"CNAG_01432",1
"CNAG_01436",1
"CNAG_01437",1
"CNAG_01438",1
"CNAG_01440",2
"CNAG_01441",1
"CNAG_01443",1
"CNAG_01455",1
"CNAG_01465",4
"CNAG_01466",2
"CNAG_01467",1
"CNAG_01468",5
"CNAG_01470",1
"CNAG_01472",1
"CNAG_01473",4
"CNAG_01474",3
"CNAG_01476",3
"CNAG_01477",1
"CNAG_01482",2
"CNAG_01483",1
"CNAG_01485",5
"CNAG_01487",1
"CNAG_01494",2
"CNAG_01497",2
"CNAG_01498",1
"CNAG_01501",1
"CNAG_01504",1
"CNAG_01506",1
"CNAG_01508",2
"CNAG_01510",1
"CNAG_01513",2
"CNAG_01519",1
"CNAG_01520",1
"CNAG_01521",2
"CNAG_01522",1
"CNAG_01523",1
"CNAG_01526",1
"CNAG_01530",1
"CNAG_01533",1
"CNAG_01535",2
"CNAG_01539",1
"CNAG_01543",1
"CNAG_01544",1
"CNAG_01547",1
"CNAG_01559",1
"CNAG_01562",1
"CNAG_01563",1
"CNAG_01565",2
"CNAG_01566",1
"CNAG_01567",2
"CNAG_01570",1
"CNAG_01571",1
"CNAG_01572",1
"CNAG_01573",2
"CNAG_01579",2
"CNAG_01580",1
"CNAG_01583",1
"CNAG_01585",1
"CNAG_01586",2
"CNAG_01587",2
"CNAG_01591",1
"CNAG_01592",1
"CNAG_01595",1
"CNAG_01599",1
"CNAG_01600",1
"CNAG_01601",2
"CNAG_01602",1
"CNAG_01604",1
"CNAG_01608",1
"CNAG_01610",3
"CNAG_01612",1
"CNAG_01616",2
"CNAG_01620",1
"CNAG_01628",1
"CNAG_01630",1
"CNAG_01640",1
"CNAG_01641",1
"CNAG_01642",1
"CNAG_01651",1
"CNAG_01653",1
"CNAG_01654",1
"CNAG_01656",1
"CNAG_01659",1
"CNAG_01663",3
"CNAG_01665",1
"CNAG_01667",1
"CNAG_01676",1
"CNAG_01679",1
"CNAG_01682",1
"CNAG_01692",1
"CNAG_01694",1
"CNAG_01695",1
"CNAG_01696",2
"CNAG_01697",2
"CNAG_01698",4
"CNAG_01703",1
"CNAG_01704",1
"CNAG_01706",1
"CNAG_01707",5
"CNAG_01708",1
"CNAG_01709",2
"CNAG_01710",1
"CNAG_01712",2
"CNAG_01715",3
"CNAG_01716",1
"CNAG_01717",15
"CNAG_01718",1
"CNAG_01719",1
"CNAG_01721",1
"CNAG_01722",2
"CNAG_01727",1
"CNAG_01729",2
"CNAG_01730",1
"CNAG_01731",1
"CNAG_01732",1
"CNAG_01733",1
"CNAG_01737",1
"CNAG_01738",1
"CNAG_01745",1
"CNAG_01749",1
"CNAG_01750",1
"CNAG_01752",2
"CNAG_01754",2
"CNAG_01755",1
"CNAG_01764",1
"CNAG_01768",1
"CNAG_01770",2
"CNAG_01771",1
"CNAG_01777",1
"CNAG_01779",2
"CNAG_01781",1
"CNAG_01787",8
"CNAG_01788",1
"CNAG_01790",3
"CNAG_01792",1
"CNAG_01795",2
"CNAG_01796",1
"CNAG_01799",1
"CNAG_01802",4
"CNAG_01806",2
"CNAG_01807",1
"CNAG_01809",1
"CNAG_01810",1
"CNAG_01811",2
"CNAG_01817",1
"CNAG_01823",1
"CNAG_01834",1
"CNAG_01847",2
"CNAG_01848",1
"CNAG_01849",1
"CNAG_01858",2
"CNAG_01859",1
"CNAG_01864",1
"CNAG_01866",3
"CNAG_01867",1
"CNAG_01869",1
"CNAG_01871",1
"CNAG_01874",1
"CNAG_01875",3
"CNAG_01880",1
"CNAG_01882",1
"CNAG_01883",1
"CNAG_01885",1
"CNAG_01890",1
"CNAG_01892",1
"CNAG_01905",2
"CNAG_01926",1
"CNAG_01927",1
"CNAG_01930",1
"CNAG_01934",1
"CNAG_01939",1
"CNAG_01951",2
"CNAG_01954",2
"CNAG_01955",1
"CNAG_01973",1
"CNAG_01982",1
"CNAG_01985",1
"CNAG_01986",1
"CNAG_01988",2
"CNAG_01992",2
"CNAG_01997",2
"CNAG_01999",2
"CNAG_02001",4
"CNAG_02002",5
"CNAG_02004",2
"CNAG_02005",1
"CNAG_02007",1
"CNAG_02008",1
"CNAG_02010",1
"CNAG_02013",2
"CNAG_02020",3
"CNAG_02021",3
"CNAG_02022",3
"CNAG_02023",4
"CNAG_02024",5
"CNAG_02025",7
"CNAG_02026",3
"CNAG_02027",5
"CNAG_02028",1
"CNAG_02029",1
"CNAG_02030",3
"CNAG_02031",3
"CNAG_02032",2
"CNAG_02035",2
"CNAG_02036",2
"CNAG_02038",2
"CNAG_02040",1
"CNAG_02041",1
"CNAG_02043",2
"CNAG_02045",1
"CNAG_02046",1
"CNAG_02049",3
"CNAG_02050",1
"CNAG_02051",1
"CNAG_02052",2
"CNAG_02053",1
"CNAG_02056",2
"CNAG_02059",1
"CNAG_02062",2
"CNAG_02064",2
"CNAG_02068",1
"CNAG_02069",1
"CNAG_02071",1
"CNAG_02078",2
"CNAG_02079",1
"CNAG_02083",4
"CNAG_02084",2
"CNAG_02085",3
"CNAG_02086",4
"CNAG_02087",14
"CNAG_02088",5
"CNAG_02089",27
"CNAG_02090",1
"CNAG_02091",1
"CNAG_02094",1
"CNAG_02095",3
"CNAG_02096",3
"CNAG_02097",2
"CNAG_02101",1
"CNAG_02102",1
"CNAG_02103",2
"CNAG_02106",1
"CNAG_02108",1
"CNAG_02111",1
"CNAG_02114",1
"CNAG_02115",1
"CNAG_02119",1
"CNAG_02121",1
"CNAG_02122",1
"CNAG_02123",1
"CNAG_02130",1
"CNAG_02138",3
"CNAG_02139",1
"CNAG_02144",1
"CNAG_02148",1
"CNAG_02150",3
"CNAG_02151",1
"CNAG_02152",1
"CNAG_02157",1
"CNAG_02159",1
"CNAG_02161",1
"CNAG_02164",3
"CNAG_02165",2
"CNAG_02167",1
"CNAG_02169",1
"CNAG_02172",1
"CNAG_02174",1
"CNAG_02175",2
"CNAG_02188",1
"CNAG_02194",1
"CNAG_02196",1
"CNAG_02202",2
"CNAG_02204",2
"CNAG_02206",1
"CNAG_02210",1
"CNAG_02213",1
"CNAG_02216",1
"CNAG_02220",1
"CNAG_02228",1
"CNAG_02231",1
"CNAG_02233",1
"CNAG_02237",2
"CNAG_02240",2
"CNAG_02255",1
"CNAG_02260",1
"CNAG_02267",1
"CNAG_02268",2
"CNAG_02269",2
"CNAG_02285",1
"CNAG_02290",1
"CNAG_02311",1
"CNAG_02328",1
"CNAG_02332",1
"CNAG_02335",1
"CNAG_02339",1
"CNAG_02340",2
"CNAG_02342",1
"CNAG_02343",1
"CNAG_02347",1
"CNAG_02350",1
"CNAG_02355",2
"CNAG_02356",1
"CNAG_02358",1
"CNAG_02359",3
"CNAG_02360",1
"CNAG_02363",1
"CNAG_02364",1
"CNAG_02366",1
"CNAG_02368",3
"CNAG_02371",2
"CNAG_02373",9
"CNAG_02374",2
"CNAG_02375",4
"CNAG_02376",1
"CNAG_02378",1
"CNAG_02381",1
"CNAG_02383",2
"CNAG_02388",1
"CNAG_02392",1
"CNAG_02395",1
"CNAG_02396",1
"CNAG_02401",2
"CNAG_02406",2
"CNAG_02407",1
"CNAG_02409",3
"CNAG_02415",1
"CNAG_02418",3
"CNAG_02419",2
"CNAG_02423",1
"CNAG_02424",1
"CNAG_02428",1
"CNAG_02430",2
"CNAG_02432",1
"CNAG_02433",1
"CNAG_02437",2
"CNAG_02439",1
"CNAG_02443",1
"CNAG_02446",1
"CNAG_02449",2
"CNAG_02452",1
"CNAG_02454",1
"CNAG_02455",2
"CNAG_02463",2
"CNAG_02464",2
"CNAG_02465",1
"CNAG_02466",1
"CNAG_02467",2
"CNAG_02468",1
"CNAG_02470",1
"CNAG_02472",1
"CNAG_02475",1
"CNAG_02476",2
"CNAG_02479",1
"CNAG_02480",1
"CNAG_02483",4
"CNAG_02485",1
"CNAG_02486",2
"CNAG_02487",2
"CNAG_02488",6
"CNAG_02489",1
"CNAG_02497",2
"CNAG_02498",2
"CNAG_02504",2
"CNAG_02505",2
"CNAG_02506",1
"CNAG_02507",4
"CNAG_02508",2
"CNAG_02509",3
"CNAG_02510",2
"CNAG_02512",1
"CNAG_02516",1
"CNAG_02520",1
"CNAG_02522",1
"CNAG_02523",3
"CNAG_02525",4
"CNAG_02526",5
"CNAG_02527",1
"CNAG_02528",2
"CNAG_02530",1
"CNAG_02531",1
"CNAG_02533",4
"CNAG_02534",1
"CNAG_02535",4
"CNAG_02536",3
"CNAG_02538",1
"CNAG_02540",2
"CNAG_02542",1
"CNAG_02544",1
"CNAG_02549",1
"CNAG_02554",2
"CNAG_02557",2
"CNAG_02561",1
"CNAG_02562",1
"CNAG_02566",2
"CNAG_02567",1
"CNAG_02568",4
"CNAG_02574",5
"CNAG_02579",1
"CNAG_02586",1
"CNAG_02588",1
"CNAG_02590",1
"CNAG_02593",3
"CNAG_02594",2
"CNAG_02595",1
"CNAG_02596",1
"CNAG_02597",1
"CNAG_02598",4
"CNAG_02600",2
"CNAG_02603",1
"CNAG_02654",2
"CNAG_02657",1
"CNAG_02658",2
"CNAG_02661",2
"CNAG_02663",1
"CNAG_02667",1
"CNAG_02670",5
"CNAG_02671",1
"CNAG_02672",1
"CNAG_02675",1
"CNAG_02678",1
"CNAG_02682",1
"CNAG_02686",1
"CNAG_02687",2
"CNAG_02688",1
"CNAG_02691",1
"CNAG_02696",1
"CNAG_02698",1
"CNAG_02700",3
"CNAG_02701",1
"CNAG_02702",1
"CNAG_02705",1
"CNAG_02708",1
"CNAG_02714",1
"CNAG_02719",1
"CNAG_02720",1
"CNAG_02721",1
"CNAG_02724",2
"CNAG_02726",1
"CNAG_02739",1
"CNAG_02742",4
"CNAG_02745",2
"CNAG_02752",2
"CNAG_02753",1
"CNAG_02754",2
"CNAG_02774",1
"CNAG_02779",1
"CNAG_02782",1
"CNAG_02783",1
"CNAG_02784",1
"CNAG_02787",2
"CNAG_02789",1
"CNAG_02790",1
"CNAG_02794",2
"CNAG_02796",1
"CNAG_02798",1
"CNAG_02800",1
"CNAG_02801",2
"CNAG_02805",1
"CNAG_02809",2
"CNAG_02810",1
"CNAG_02813",2
"CNAG_02814",1
"CNAG_02816",1
"CNAG_02820",1
"CNAG_02821",1
"CNAG_02822",1
"CNAG_02823",1
"CNAG_02824",2
"CNAG_02828",1
"CNAG_02829",2
"CNAG_02833",2
"CNAG_02834",2
"CNAG_02846",1
"CNAG_02849",1
"CNAG_02850",1
"CNAG_02853",1
"CNAG_02856",1
"CNAG_02857",1
"CNAG_02858",1
"CNAG_02860",1
"CNAG_02861",1
"CNAG_02862",1
"CNAG_02866",1
"CNAG_02867",2
"CNAG_02868",2
"CNAG_02869",1
"CNAG_02870",2
"CNAG_02871",2
"CNAG_02874",1
"CNAG_02876",1
"CNAG_02877",1
"CNAG_02878",1
"CNAG_02882",1
"CNAG_02885",1
"CNAG_02886",1
"CNAG_02895",1
"CNAG_02897",1
"CNAG_02900",1
"CNAG_02902",1
"CNAG_02912",2
"CNAG_02914",1
"CNAG_02918",3
"CNAG_02928",1
"CNAG_02930",1
"CNAG_02935",1
"CNAG_02952",1
"CNAG_02953",1
"CNAG_02958",1
"CNAG_02966",1
"CNAG_02973",2
"CNAG_02976",1
"CNAG_02977",3
"CNAG_02979",2
"CNAG_02980",4
"CNAG_02981",2
"CNAG_02982",1
"CNAG_02986",1
"CNAG_02987",2
"CNAG_02992",1
"CNAG_02994",2
"CNAG_02996",2
"CNAG_02998",1
"CNAG_03000",1
"CNAG_03005",1
"CNAG_03006",1
"CNAG_03010",1
"CNAG_03012",3
"CNAG_03013",3
"CNAG_03015",1
"CNAG_03016",2
"CNAG_03018",2
"CNAG_03019",1
"CNAG_03021",1
"CNAG_03023",1
"CNAG_03024",2
"CNAG_03027",1
"CNAG_03033",1
"CNAG_03036",6
"CNAG_03037",3
"CNAG_03038",5
"CNAG_03039",1
"CNAG_03040",3
"CNAG_03051",3
"CNAG_03052",1
"CNAG_03056",1
"CNAG_03059",1
"CNAG_03061",2
"CNAG_03063",2
"CNAG_03069",1
"CNAG_03071",1
"CNAG_03072",2
"CNAG_03080",1
"CNAG_03081",2
"CNAG_03090",1
"CNAG_03091",1
"CNAG_03101",1
"CNAG_03102",2
"CNAG_03103",1
"CNAG_03108",1
"CNAG_03109",1
"CNAG_03110",3
"CNAG_03115",2
"CNAG_03117",3
"CNAG_03120",1
"CNAG_03121",1
"CNAG_03123",2
"CNAG_03125",1
"CNAG_03135",1
"CNAG_03140",1
"CNAG_03141",1
"CNAG_03150",1
"CNAG_03151",2
"CNAG_03153",2
"CNAG_03154",1
"CNAG_03160",1
"CNAG_03168",1
"CNAG_03171",1
"CNAG_03172",1
"CNAG_03188",2
"CNAG_03189",2
"CNAG_03190",1
"CNAG_03193",3
"CNAG_03194",1
"CNAG_03202",3
"CNAG_03205",1
"CNAG_03206",1
"CNAG_03211",1
"CNAG_03216",1
"CNAG_03217",1
"CNAG_03221",3
"CNAG_03222",1
"CNAG_03225",1
"CNAG_03227",4
"CNAG_03229",14
"CNAG_03230",10
"CNAG_03231",9
"CNAG_03232",1
"CNAG_03233",2
"CNAG_03234",7
"CNAG_03235",5
"CNAG_03238",2
"CNAG_03239",1
"CNAG_03240",3
"CNAG_03247",1
"CNAG_03258",3
"CNAG_03259",2
"CNAG_03263",1
"CNAG_03264",1
"CNAG_03265",2
"CNAG_03266",2
"CNAG_03268",1
"CNAG_03271",2
"CNAG_03272",4
"CNAG_03275",2
"CNAG_03276",3
"CNAG_03279",1
"CNAG_03282",1
"CNAG_03284",2
"CNAG_03285",1
"CNAG_03289",1
"CNAG_03290",1
"CNAG_03292",5
"CNAG_03295",1
"CNAG_03299",4
"CNAG_03304",1
"CNAG_03308",3
"CNAG_03311",2
"CNAG_03313",2
"CNAG_03314",1
"CNAG_03319",1
"CNAG_03327",1
"CNAG_03329",1
"CNAG_03330",1
"CNAG_03332",2
"CNAG_03333",1
"CNAG_03337",2
"CNAG_03339",3
"CNAG_03341",2
"CNAG_03343",1
"CNAG_03347",3
"CNAG_03348",2
"CNAG_03349",1
"CNAG_03354",1
"CNAG_03355",3
"CNAG_03356",1
"CNAG_03358",1
"CNAG_03360",1
"CNAG_03361",1
"CNAG_03362",1
"CNAG_03376",1
"CNAG_03392",1
"CNAG_03405",1
"CNAG_03418",2
"CNAG_03425",2
"CNAG_03427",2
"CNAG_03432",1
"CNAG_03433",1
"CNAG_03434",3
"CNAG_03436",2
"CNAG_03439",2
"CNAG_03441",1
"CNAG_03443",2
"CNAG_03444",2
"CNAG_03450",2
"CNAG_03451",3
"CNAG_03453",2
"CNAG_03454",2
"CNAG_03455",2
"CNAG_03456",1
"CNAG_03458",2
"CNAG_03460",1
"CNAG_03461",4
"CNAG_03464",2
"CNAG_03465",2
"CNAG_03466",1
"CNAG_03467",3
"CNAG_03468",1
"CNAG_03473",2
"CNAG_03474",1
"CNAG_03475",2
"CNAG_03480",2
"CNAG_03490",1
"CNAG_03494",1
"CNAG_03498",1
"CNAG_03500",1
"CNAG_03502",1
"CNAG_03503",2
"CNAG_03504",2
"CNAG_03509",1
"CNAG_03510",1
"CNAG_03511",2
"CNAG_03512",2
"CNAG_03513",1
"CNAG_03524",3
"CNAG_03528",1
"CNAG_03531",4
"CNAG_03532",1
"CNAG_03533",2
"CNAG_03539",1
"CNAG_03543",2
"CNAG_03544",1
"CNAG_03547",3
"CNAG_03551",1
"CNAG_03553",1
"CNAG_03556",1
"CNAG_03562",1
"CNAG_03565",1
"CNAG_03572",1
"CNAG_03582",1
"CNAG_03586",2
"CNAG_03592",1
"CNAG_03597",1
"CNAG_03599",1
"CNAG_03600",3
"CNAG_03603",1
"CNAG_03606",1
"CNAG_03613",2
"CNAG_03617",1
"CNAG_03619",1
"CNAG_03620",1
"CNAG_03622",3
"CNAG_03624",1
"CNAG_03625",2
"CNAG_03626",2
"CNAG_03627",1
"CNAG_03633",1
"CNAG_03639",1
"CNAG_03647",1
"CNAG_03652",1
"CNAG_03653",1
"CNAG_03657",1
"CNAG_03671",2
"CNAG_03672",1
"CNAG_03675",1
"CNAG_03676",2
"CNAG_03677",3
"CNAG_03678",3
"CNAG_03680",2
"CNAG_03682",3
"CNAG_03686",1
"CNAG_03687",2
"CNAG_03689",3
"CNAG_03694",1
"CNAG_03695",1
"CNAG_03699",1
"CNAG_03700",1
"CNAG_03701",1
"CNAG_03705",1
"CNAG_03707",1
"CNAG_03714",1
"CNAG_03719",1
"CNAG_03722",2
"CNAG_03723",1
"CNAG_03726",1
"CNAG_03727",1
"CNAG_03733",1
"CNAG_03734",3
"CNAG_03735",4
"CNAG_03740",4
"CNAG_03743",1
"CNAG_03745",1
"CNAG_03747",1
"CNAG_03748",1
"CNAG_03756",2
"CNAG_03761",2
"CNAG_03763",2
"CNAG_03764",1
"CNAG_03766",1
"CNAG_03767",1
"CNAG_03768",1
"CNAG_03769",2
"CNAG_03771",1
"CNAG_03779",1
"CNAG_03780",1
"CNAG_03781",1
"CNAG_03784",1
"CNAG_03785",2
"CNAG_03787",1
"CNAG_03790",4
"CNAG_03791",2
"CNAG_03794",2
"CNAG_03795",5
"CNAG_03796",3
"CNAG_03797",1
"CNAG_03806",1
"CNAG_03809",3
"CNAG_03810",1
"CNAG_03811",1
"CNAG_03812",1
"CNAG_03817",2
"CNAG_03818",1
"CNAG_03821",1
"CNAG_03824",1
"CNAG_03827",1
"CNAG_03834",1
"CNAG_03836",2
"CNAG_03839",1
"CNAG_03841",1
"CNAG_03842",1
"CNAG_03845",2
"CNAG_03848",1
"CNAG_03849",1
"CNAG_03851",2
"CNAG_03855",1
"CNAG_03858",1
"CNAG_03870",1
"CNAG_03872",1
"CNAG_03874",1
"CNAG_03875",2
"CNAG_03881",2
"CNAG_03886",1
"CNAG_03888",3
"CNAG_03889",1
"CNAG_03891",1
"CNAG_03892",1
"CNAG_03893",1
"CNAG_03894",1
"CNAG_03896",2
"CNAG_03900",1
"CNAG_03902",1
"CNAG_03903",1
"CNAG_03913",1
"CNAG_03915",1
"CNAG_03916",3
"CNAG_03918",2
"CNAG_03920",1
"CNAG_03922",1
"CNAG_03924",1
"CNAG_03925",2
"CNAG_03927",1
"CNAG_03934",1
"CNAG_03936",1
"CNAG_03940",1
"CNAG_03944",1
"CNAG_03945",2
"CNAG_03946",2
"CNAG_03950",3
"CNAG_03955",1
"CNAG_03958",1
"CNAG_03960",2
"CNAG_03963",1
"CNAG_03966",1
"CNAG_03980",1
"CNAG_03987",1
"CNAG_03991",1
"CNAG_03994",3
"CNAG_03997",1
"CNAG_03998",3
"CNAG_04005",1
"CNAG_04011",1
"CNAG_04023",1
"CNAG_04024",1
"CNAG_04026",1
"CNAG_04028",1
"CNAG_04029",1
"CNAG_04032",3
"CNAG_04034",2
"CNAG_04035",2
"CNAG_04036",1
"CNAG_04037",1
"CNAG_04038",1
"CNAG_04040",1
"CNAG_04041",1
"CNAG_04042",1
"CNAG_04044",2
"CNAG_04047",1
"CNAG_04048",1
"CNAG_04051",1
"CNAG_04052",1
"CNAG_04054",1
"CNAG_04055",1
"CNAG_04056",2
"CNAG_04059",1
"CNAG_04060",1
"CNAG_04065",1
"CNAG_04068",2
"CNAG_04070",2
"CNAG_04072",1
"CNAG_04073",3
"CNAG_04077",2
"CNAG_04083",1
"CNAG_04084",1
"CNAG_04085",4
"CNAG_04086",1
"CNAG_04087",1
"CNAG_04092",1
"CNAG_04097",1
"CNAG_04103",2
"CNAG_04108",1
"CNAG_04109",2
"CNAG_04117",1
"CNAG_04118",1
"CNAG_04121",1
"CNAG_04130",1
"CNAG_04136",2
"CNAG_04137",1
"CNAG_04140",1
"CNAG_04142",2
"CNAG_04148",1
"CNAG_04155",1
"CNAG_04161",2
"CNAG_04165",1
"CNAG_04167",1
"CNAG_04169",2
"CNAG_04172",1
"CNAG_04175",2
"CNAG_04179",2
"CNAG_04180",1
"CNAG_04183",1
"CNAG_04186",1
"CNAG_04187",2
"CNAG_04189",3
"CNAG_04192",2
"CNAG_04193",1
"CNAG_04197",1
"CNAG_04204",1
"CNAG_04206",1
"CNAG_04207",1
"CNAG_04210",1
"CNAG_04211",1
"CNAG_04212",2
"CNAG_04213",1
"CNAG_04216",1
"CNAG_04219",1
"CNAG_04221",1
"CNAG_04225",3
"CNAG_04226",1
"CNAG_04227",5
"CNAG_04229",3
"CNAG_04232",1
"CNAG_04234",2
"CNAG_04235",1
"CNAG_04238",1
"CNAG_04241",5
"CNAG_04242",1
"CNAG_04243",2
"CNAG_04244",3
"CNAG_04245",3
"CNAG_04246",3
"CNAG_04247",1
"CNAG_04252",1
"CNAG_04254",1
"CNAG_04258",1
"CNAG_04262",2
"CNAG_04263",1
"CNAG_04264",1
"CNAG_04267",1
"CNAG_04268",2
"CNAG_04275",1
"CNAG_04283",4
"CNAG_04285",1
"CNAG_04289",3
"CNAG_04292",11
"CNAG_04293",1
"CNAG_04294",1
"CNAG_04296",1
"CNAG_04298",1
"CNAG_04299",1
"CNAG_04301",1
"CNAG_04302",1
"CNAG_04303",1
"CNAG_04304",1
"CNAG_04307",2
"CNAG_04308",1
"CNAG_04310",1
"CNAG_04311",1
"CNAG_04315",2
"CNAG_04316",3
"CNAG_04317",3
"CNAG_04318",5
"CNAG_04319",1
"CNAG_04320",2
"CNAG_04324",2
"CNAG_04325",1
"CNAG_04326",2
"CNAG_04330",1
"CNAG_04333",1
"CNAG_04335",1
"CNAG_04339",1
"CNAG_04341",2
"CNAG_04345",2
"CNAG_04348",1
"CNAG_04353",2
"CNAG_04357",1
"CNAG_04358",1
"CNAG_04359",1
"CNAG_04362",1
"CNAG_04377",4
"CNAG_04380",4
"CNAG_04383",1
"CNAG_04384",1
"CNAG_04395",1
"CNAG_04401",1
"CNAG_04402",1
"CNAG_04403",1
"CNAG_04410",1
"CNAG_04411",3
"CNAG_04413",1
"CNAG_04416",1
"CNAG_04433",2
"CNAG_04434",1
"CNAG_04439",1
"CNAG_04441",1
"CNAG_04443",3
"CNAG_04446",2
"CNAG_04451",2
"CNAG_04453",1
"CNAG_04454",2
"CNAG_04457",1
"CNAG_04460",1
"CNAG_04461",1
"CNAG_04462",2
"CNAG_04463",1
"CNAG_04466",1
"CNAG_04467",2
"CNAG_04468",1
"CNAG_04469",3
"CNAG_04470",1
"CNAG_04471",1
"CNAG_04472",1
"CNAG_04475",2
"CNAG_04476",4
"CNAG_04478",5
"CNAG_04479",1
"CNAG_04484",1
"CNAG_04485",1
"CNAG_04486",1
"CNAG_04492",2
"CNAG_04493",7
"CNAG_04495",4
"CNAG_04496",5
"CNAG_04497",1
"CNAG_04498",1
"CNAG_04499",1
"CNAG_04500",1
"CNAG_04501",1
"CNAG_04502",2
"CNAG_04504",1
"CNAG_04505",3
"CNAG_04506",1
"CNAG_04507",1
"CNAG_04508",1
"CNAG_04509",2
"CNAG_04513",1
"CNAG_04514",2
"CNAG_04518",1
"CNAG_04520",1
"CNAG_04521",2
"CNAG_04522",2
"CNAG_04524",1
"CNAG_04526",3
"CNAG_04527",2
"CNAG_04528",12
"CNAG_04529",1
"CNAG_04530",1
"CNAG_04531",1
"CNAG_04534",1
"CNAG_04535",1
"CNAG_04536",2
"CNAG_04537",3
"CNAG_04538",1
"CNAG_04541",2
"CNAG_04552",1
"CNAG_04558",1
"CNAG_04561",1
"CNAG_04579",1
"CNAG_04582",1
"CNAG_04583",1
"CNAG_04586",1
"CNAG_04587",2
"CNAG_04589",2
"CNAG_04592",1
"CNAG_04597",3
"CNAG_04598",2
"CNAG_04599",1
"CNAG_04600",2
"CNAG_04604",1
"CNAG_04608",1
"CNAG_04614",1
"CNAG_04615",1
"CNAG_04616",1
"CNAG_04617",2
"CNAG_04619",1
"CNAG_04621",2
"CNAG_04623",1
"CNAG_04626",1
"CNAG_04629",1
"CNAG_04630",2
"CNAG_04632",2
"CNAG_04633",3
"CNAG_04639",2
"CNAG_04640",1
"CNAG_04641",1
"CNAG_04647",1
"CNAG_04648",1
"CNAG_04653",1
"CNAG_04654",1
"CNAG_04655",1
"CNAG_04657",1
"CNAG_04659",1
"CNAG_04662",1
"CNAG_04669",1
"CNAG_04674",1
"CNAG_04675",1
"CNAG_04680",1
"CNAG_04681",2
"CNAG_04682",1
"CNAG_04687",1
"CNAG_04689",1
"CNAG_04691",1
"CNAG_04693",2
"CNAG_04694",1
"CNAG_04696",3
"CNAG_04697",1
"CNAG_04698",1
"CNAG_04699",1
"CNAG_04700",1
"CNAG_04702",2
"CNAG_04703",2
"CNAG_04705",1
"CNAG_04710",1
"CNAG_04711",1
"CNAG_04712",1
"CNAG_04716",1
"CNAG_04717",1
"CNAG_04718",1
"CNAG_04720",1
"CNAG_04721",1
"CNAG_04723",1
"CNAG_04724",2
"CNAG_04725",1
"CNAG_04729",2
"CNAG_04730",2
"CNAG_04733",1
"CNAG_04740",1
"CNAG_04741",2
"CNAG_04742",2
"CNAG_04746",1
"CNAG_04747",1
"CNAG_04752",3
"CNAG_04753",3
"CNAG_04755",2
"CNAG_04757",1
"CNAG_04758",2
"CNAG_04759",2
"CNAG_04760",1
"CNAG_04766",1
"CNAG_04767",1
"CNAG_04770",1
"CNAG_04773",1
"CNAG_04774",2
"CNAG_04777",1
"CNAG_04781",1
"CNAG_04782",1
"CNAG_04784",1
"CNAG_04786",2
"CNAG_04791",1
"CNAG_04794",2
"CNAG_04796",1
"CNAG_04801",3
"CNAG_04803",7
"CNAG_04804",1
"CNAG_04805",1
"CNAG_04807",2
"CNAG_04808",5
"CNAG_04809",1
"CNAG_04810",3
"CNAG_04813",5
"CNAG_04815",3
"CNAG_04823",1
"CNAG_04825",1
"CNAG_04834",1
"CNAG_04835",1
"CNAG_04836",2
"CNAG_04837",1
"CNAG_04838",1
"CNAG_04841",1
"CNAG_04842",1
"CNAG_04843",1
"CNAG_04844",1
"CNAG_04845",1
"CNAG_04847",1
"CNAG_04854",3
"CNAG_04857",3
"CNAG_04860",2
"CNAG_04861",1
"CNAG_04862",2
"CNAG_04863",1
"CNAG_04865",1
"CNAG_04867",1
"CNAG_04868",1
"CNAG_04869",8
"CNAG_04870",13
"CNAG_04871",2
"CNAG_04872",2
"CNAG_04873",1
"CNAG_04875",1
"CNAG_04878",2
"CNAG_04879",2
"CNAG_04884",1
"CNAG_04886",1
"CNAG_04888",2
"CNAG_04890",1
"CNAG_04894",1
"CNAG_04895",1
"CNAG_04898",1
"CNAG_04899",1
"CNAG_04903",1
"CNAG_04907",1
"CNAG_04916",1
"CNAG_04921",1
"CNAG_04932",1
"CNAG_04935",1
"CNAG_04943",3
"CNAG_04944",3
"CNAG_04946",1
"CNAG_04947",1
"CNAG_04949",2
"CNAG_04951",4
"CNAG_04952",1
"CNAG_04953",1
"CNAG_04955",2
"CNAG_04963",1
"CNAG_04967",2
"CNAG_04968",1
"CNAG_04970",3
"CNAG_04974",1
"CNAG_04989",1
"CNAG_04992",1
"CNAG_05000",2
"CNAG_05001",1
"CNAG_05005",1
"CNAG_05008",1
"CNAG_05009",1
"CNAG_05013",1
"CNAG_05017",2
"CNAG_05019",1
"CNAG_05026",1
"CNAG_05037",1
"CNAG_05039",1
"CNAG_05041",2
"CNAG_05042",1
"CNAG_05043",1
"CNAG_05046",1
"CNAG_05049",10
"CNAG_05053",7
"CNAG_05055",1
"CNAG_05056",2
"CNAG_05057",1
"CNAG_05058",1
"CNAG_05059",1
"CNAG_05062",1
"CNAG_05063",1
"CNAG_05064",2
"CNAG_05066",8
"CNAG_05067",1
"CNAG_05070",3
"CNAG_05072",2
"CNAG_05074",2
"CNAG_05075",4
"CNAG_05076",2
"CNAG_05078",1
"CNAG_05079",5
"CNAG_05084",2
"CNAG_05092",1
"CNAG_05093",2
"CNAG_05096",1
"CNAG_05111",1
"CNAG_05116",1
"CNAG_05120",1
"CNAG_05124",2
"CNAG_05125",3
"CNAG_05129",1
"CNAG_05130",2
"CNAG_05132",2
"CNAG_05134",1
"CNAG_05135",2
"CNAG_05137",1
"CNAG_05142",1
"CNAG_05155",1
"CNAG_05157",1
"CNAG_05167",1
"CNAG_05169",1
"CNAG_05171",1
"CNAG_05172",1
"CNAG_05176",1
"CNAG_05178",2
"CNAG_05181",1
"CNAG_05185",2
"CNAG_05187",1
"CNAG_05190",2
"CNAG_05191",1
"CNAG_05192",1
"CNAG_05193",1
"CNAG_05194",1
"CNAG_05195",1
"CNAG_05199",1
"CNAG_05202",2
"CNAG_05212",5
"CNAG_05218",1
"CNAG_05221",2
"CNAG_05222",1
"CNAG_05231",1
"CNAG_05233",3
"CNAG_05234",1
"CNAG_05235",1
"CNAG_05242",1
"CNAG_05243",2
"CNAG_05244",3
"CNAG_05245",20
"CNAG_05247",11
"CNAG_05248",13
"CNAG_05250",2
"CNAG_05251",2
"CNAG_05253",1
"CNAG_05265",1
"CNAG_05268",2
"CNAG_05269",1
"CNAG_05277",4
"CNAG_05279",1
"CNAG_05284",1
"CNAG_05285",1
"CNAG_05286",1
"CNAG_05294",4
"CNAG_05301",1
"CNAG_05306",1
"CNAG_05307",1
"CNAG_05308",2
"CNAG_05309",1
"CNAG_05310",2
"CNAG_05311",3
"CNAG_05312",2
"CNAG_05313",2
"CNAG_05314",6
"CNAG_05315",3
"CNAG_05316",1
"CNAG_05319",1
"CNAG_05325",2
"CNAG_05326",3
"CNAG_05333",2
"CNAG_05334",3
"CNAG_05336",4
"CNAG_05338",1
"CNAG_05341",3
"CNAG_05342",2
"CNAG_05343",2
"CNAG_05344",1
"CNAG_05345",1
"CNAG_05346",1
"CNAG_05349",1
"CNAG_05352",1
"CNAG_05353",1
"CNAG_05360",2
"CNAG_05369",1
"CNAG_05371",1
"CNAG_05372",2
"CNAG_05373",1
"CNAG_05374",1
"CNAG_05375",13
"CNAG_05377",2
"CNAG_05378",1
"CNAG_05379",2
"CNAG_05380",1
"CNAG_05381",6
"CNAG_05383",2
"CNAG_05387",3
"CNAG_05390",1
"CNAG_05393",1
"CNAG_05395",5
"CNAG_05396",1
"CNAG_05401",1
"CNAG_05416",1
"CNAG_05419",2
"CNAG_05420",2
"CNAG_05428",3
"CNAG_05430",1
"CNAG_05431",2
"CNAG_05435",1
"CNAG_05439",1
"CNAG_05440",1
"CNAG_05441",3
"CNAG_05443",1
"CNAG_05445",2
"CNAG_05451",3
"CNAG_05452",12
"CNAG_05453",4
"CNAG_05454",1
"CNAG_05455",1
"CNAG_05457",1
"CNAG_05458",1
"CNAG_05460",1
"CNAG_05463",2
"CNAG_05466",2
"CNAG_05468",1
"CNAG_05469",2
"CNAG_05471",1
"CNAG_05473",1
"CNAG_05476",3
"CNAG_05477",5
"CNAG_05478",1
"CNAG_05479",2
"CNAG_05480",5
"CNAG_05482",1
"CNAG_05484",1
"CNAG_05486",2
"CNAG_05497",1
"CNAG_05499",1
"CNAG_05500",1
"CNAG_05501",1
"CNAG_05502",2
"CNAG_05503",1
"CNAG_05508",2
"CNAG_05510",1
"CNAG_05512",1
"CNAG_05513",3
"CNAG_05517",1
"CNAG_05518",2
"CNAG_05519",1
"CNAG_05521",1
"CNAG_05525",1
"CNAG_05527",1
"CNAG_05529",1
"CNAG_05530",2
"CNAG_05534",1
"CNAG_05549",1
"CNAG_05565",1
"CNAG_05568",2
"CNAG_05571",1
"CNAG_05580",1
"CNAG_05581",4
"CNAG_05583",1
"CNAG_05585",1
"CNAG_05587",1
"CNAG_05588",1
"CNAG_05590",4
"CNAG_05591",2
"CNAG_05592",2
"CNAG_05601",2
"CNAG_05604",1
"CNAG_05610",1
"CNAG_05611",1
"CNAG_05613",1
"CNAG_05614",4
"CNAG_05616",2
"CNAG_05617",1
"CNAG_05619",1
"CNAG_05622",2
"CNAG_05623",1
"CNAG_05626",1
"CNAG_05627",1
"CNAG_05628",1
"CNAG_05630",1
"CNAG_05631",2
"CNAG_05635",1
"CNAG_05655",1
"CNAG_05657",2
"CNAG_05664",1
"CNAG_05670",2
"CNAG_05672",4
"CNAG_05673",1
"CNAG_05674",1
"CNAG_05675",1
"CNAG_05678",1
"CNAG_05682",2
"CNAG_05686",1
"CNAG_05687",2
"CNAG_05691",1
"CNAG_05692",1
"CNAG_05695",1
"CNAG_05696",3
"CNAG_05700",1
"CNAG_05703",1
"CNAG_05704",1
"CNAG_05708",2
"CNAG_05712",3
"CNAG_05713",5
"CNAG_05714",1
"CNAG_05716",1
"CNAG_05717",2
"CNAG_05720",1
"CNAG_05724",1
"CNAG_05725",1
"CNAG_05729",1
"CNAG_05731",2
"CNAG_05733",1
"CNAG_05735",1
"CNAG_05736",1
"CNAG_05737",1
"CNAG_05738",1
"CNAG_05742",1
"CNAG_05745",1
"CNAG_05746",1
"CNAG_05755",1
"CNAG_05756",2
"CNAG_05761",1
"CNAG_05762",1
"CNAG_05766",1
"CNAG_05767",1
"CNAG_05770",1
"CNAG_05771",1
"CNAG_05772",3
"CNAG_05775",1
"CNAG_05778",1
"CNAG_05785",2
"CNAG_05787",1
"CNAG_05789",1
"CNAG_05791",1
"CNAG_05793",1
"CNAG_05797",1
"CNAG_05799",1
"CNAG_05800",1
"CNAG_05803",2
"CNAG_05804",6
"CNAG_05805",1
"CNAG_05807",1
"CNAG_05808",1
"CNAG_05811",1
"CNAG_05814",1
"CNAG_05825",1
"CNAG_05827",2
"CNAG_05828",2
"CNAG_05829",1
"CNAG_05830",2
"CNAG_05833",1
"CNAG_05838",2
"CNAG_05839",3
"CNAG_05840",4
"CNAG_05841",5
"CNAG_05843",1
"CNAG_05844",2
"CNAG_05846",3
"CNAG_05847",6
"CNAG_05861",2
"CNAG_05865",3
"CNAG_05866",5
"CNAG_05867",7
"CNAG_05868",10
"CNAG_05869",3
"CNAG_05871",4
"CNAG_05872",2
"CNAG_05873",1
"CNAG_05874",2
"CNAG_05875",2
"CNAG_05877",3
"CNAG_05879",1
"CNAG_05885",1
"CNAG_05886",2
"CNAG_05887",3
"CNAG_05888",4
"CNAG_05894",4
"CNAG_05903",20
"CNAG_05905",1
"CNAG_05906",1
"CNAG_05908",2
"CNAG_05909",1
"CNAG_05910",13
"CNAG_05911",8
"CNAG_05912",1
"CNAG_05913",1
"CNAG_05917",1
"CNAG_05933",5
"CNAG_05934",2
"CNAG_05936",1
"CNAG_05939",1
"CNAG_05962",1
"CNAG_05963",2
"CNAG_05964",2
"CNAG_05967",3
"CNAG_05968",1
"CNAG_05978",1
"CNAG_05980",1
"CNAG_05991",1
"CNAG_05995",1
"CNAG_05996",1
"CNAG_05997",1
"CNAG_05999",1
"CNAG_06008",1
"CNAG_06019",4
"CNAG_06020",2
"CNAG_06024",1
"CNAG_06027",2
"CNAG_06032",1
"CNAG_06033",1
"CNAG_06034",1
"CNAG_06035",8
"CNAG_06036",8
"CNAG_06048",2
"CNAG_06049",5
"CNAG_06050",3
"CNAG_06055",1
"CNAG_06056",1
"CNAG_06058",2
"CNAG_06059",1
"CNAG_06063",1
"CNAG_06064",1
"CNAG_06071",1
"CNAG_06072",1
"CNAG_06075",1
"CNAG_06082",1
"CNAG_06087",1
"CNAG_06092",1
"CNAG_06095",1
"CNAG_06101",1
"CNAG_06105",2
"CNAG_06107",1
"CNAG_06113",1
"CNAG_06114",2
"CNAG_06115",1
"CNAG_06117",1
"CNAG_06120",1
"CNAG_06122",1
"CNAG_06125",1
"CNAG_06129",1
"CNAG_06130",2
"CNAG_06131",2
"CNAG_06135",1
"CNAG_06136",5
"CNAG_06138",1
"CNAG_06147",2
"CNAG_06148",10
"CNAG_06149",3
"CNAG_06154",1
"CNAG_06156",1
"CNAG_06158",2
"CNAG_06160",3
"CNAG_06162",2
"CNAG_06163",3
"CNAG_06164",3
"CNAG_06170",2
"CNAG_06172",1
"CNAG_06173",2
"CNAG_06174",3
"CNAG_06175",11
"CNAG_06178",1
"CNAG_06183",3
"CNAG_06184",1
"CNAG_06185",2
"CNAG_06188",1
"CNAG_06189",1
"CNAG_06192",2
"CNAG_06194",3
"CNAG_06195",3
"CNAG_06197",1
"CNAG_06199",3
"CNAG_06200",4
"CNAG_06202",3
"CNAG_06203",1
"CNAG_06205",4
"CNAG_06206",1
"CNAG_06209",1
"CNAG_06221",1
"CNAG_06228",2
"CNAG_06229",2
"CNAG_06230",11
"CNAG_06232",4
"CNAG_06233",1
"CNAG_06234",2
"CNAG_06235",1
"CNAG_06236",3
"CNAG_06237",3
"CNAG_06238",3
"CNAG_06239",8
"CNAG_06241",3
"CNAG_06243",1
"CNAG_06244",2
"CNAG_06246",1
"CNAG_06247",1
"CNAG_06248",9
"CNAG_06249",1
"CNAG_06250",1
"CNAG_06252",1
"CNAG_06253",1
"CNAG_06259",1
"CNAG_06260",1
"CNAG_06271",2
"CNAG_06281",1
"CNAG_06282",1
"CNAG_06296",1
"CNAG_06299",3
"CNAG_06301",2
"CNAG_06321",3
"CNAG_06325",1
"CNAG_06329",1
"CNAG_06332",1
"CNAG_06333",1
"CNAG_06337",1
"CNAG_06338",2
"CNAG_06339",2
"CNAG_06340",1
"CNAG_06341",1
"CNAG_06344",1
"CNAG_06347",1
"CNAG_06348",2
"CNAG_06349",1
"CNAG_06350",1
"CNAG_06352",1
"CNAG_06354",2
"CNAG_06361",1
"CNAG_06362",1
"CNAG_06365",2
"CNAG_06368",1
"CNAG_06379",1
"CNAG_06381",3
"CNAG_06385",1
"CNAG_06388",1
"CNAG_06389",3
"CNAG_06390",1
"CNAG_06400",1
"CNAG_06402",1
"CNAG_06404",1
"CNAG_06405",1
"CNAG_06410",1
"CNAG_06411",2
"CNAG_06412",2
"CNAG_06413",1
"CNAG_06416",1
"CNAG_06427",1
"CNAG_06431",1
"CNAG_06432",1
"CNAG_06433",2
"CNAG_06435",2
"CNAG_06437",1
"CNAG_06443",1
"CNAG_06445",1
"CNAG_06447",1
"CNAG_06448",2
"CNAG_06449",4
"CNAG_06451",1
"CNAG_06452",1
"CNAG_06454",1
"CNAG_06460",1
"CNAG_06465",1
"CNAG_06466",1
"CNAG_06472",1
"CNAG_06474",1
"CNAG_06475",3
"CNAG_06483",4
"CNAG_06484",1
"CNAG_06486",4
"CNAG_06490",4
"CNAG_06492",1
"CNAG_06505",1
"CNAG_06511",1
"CNAG_06518",3
"CNAG_06524",1
"CNAG_06525",3
"CNAG_06526",1
"CNAG_06530",1
"CNAG_06532",4
"CNAG_06533",1
"CNAG_06534",1
"CNAG_06535",1
"CNAG_06537",1
"CNAG_06543",1
"CNAG_06544",1
"CNAG_06546",1
"CNAG_06550",2
"CNAG_06551",1
"CNAG_06564",1
"CNAG_06576",2
"CNAG_06583",1
"CNAG_06584",2
"CNAG_06585",1
"CNAG_06589",1
"CNAG_06591",2
"CNAG_06592",1
"CNAG_06593",2
"CNAG_06598",1
"CNAG_06601",1
"CNAG_06602",1
"CNAG_06603",2
"CNAG_06604",2
"CNAG_06611",1
"CNAG_06612",1
"CNAG_06616",1
"CNAG_06625",2
"CNAG_06632",1
"CNAG_06634",1
"CNAG_06635",1
"CNAG_06637",2
"CNAG_06639",2
"CNAG_06642",1
"CNAG_06644",1
"CNAG_06648",1
"CNAG_06651",1
"CNAG_06652",1
"CNAG_06655",1
"CNAG_06662",1
"CNAG_06664",2
"CNAG_06665",1
"CNAG_06667",2
"CNAG_06671",1
"CNAG_06678",1
"CNAG_06683",2
"CNAG_06684",1
"CNAG_06686",2
"CNAG_06687",2
"CNAG_06691",1
"CNAG_06692",1
"CNAG_06695",1
"CNAG_06698",3
"CNAG_06699",3
"CNAG_06706",1
"CNAG_06710",1
"CNAG_06712",2
"CNAG_06715",1
"CNAG_06716",1
"CNAG_06717",1
"CNAG_06719",4
"CNAG_06722",3
"CNAG_06723",1
"CNAG_06725",5
"CNAG_06727",1
"CNAG_06728",2
"CNAG_06730",1
"CNAG_06731",2
"CNAG_06734",1
"CNAG_06737",1
"CNAG_06747",1
"CNAG_06752",1
"CNAG_06763",2
"CNAG_06765",1
"CNAG_06767",1
"CNAG_06772",1
"CNAG_06773",2
"CNAG_06778",1
"CNAG_06781",3
"CNAG_06782",1
"CNAG_06785",1
"CNAG_06786",1
"CNAG_06787",2
"CNAG_06790",2
"CNAG_06791",7
"CNAG_06792",7
"CNAG_06793",4
"CNAG_06794",2
"CNAG_06795",2
"CNAG_06797",4
"CNAG_06798",2
"CNAG_06799",1
"CNAG_06804",2
"CNAG_06812",1
"CNAG_06813",2
"CNAG_06816",3
"CNAG_06817",1
"CNAG_06822",2
"CNAG_06824",2
"CNAG_06825",5
"CNAG_06826",3
"CNAG_06827",2
"CNAG_06830",3
"CNAG_06831",1
"CNAG_06833",1
"CNAG_06834",3
"CNAG_06836",3
"CNAG_06844",1
"CNAG_06845",1
"CNAG_06846",1
"CNAG_06847",1
"CNAG_06849",1
"CNAG_06863",4
"CNAG_06864",1
"CNAG_06869",1
"CNAG_06881",1
"CNAG_06882",1
"CNAG_06889",4
"CNAG_06890",5
"CNAG_06891",1
"CNAG_06892",1
"CNAG_06893",3
"CNAG_06895",2
"CNAG_06910",1
"CNAG_06925",1
"CNAG_06926",4
"CNAG_06927",2
"CNAG_06928",5
"CNAG_06929",1
"CNAG_06930",1
"CNAG_06931",1
"CNAG_06934",6
"CNAG_06936",1
"CNAG_06944",2
"CNAG_06962",1
"CNAG_06963",1
"CNAG_06976",1
"CNAG_06977",1
"CNAG_06980",2
"CNAG_06993",1
"CNAG_07015",1
"CNAG_07020",1
"CNAG_07027",1
"CNAG_07033",1
"CNAG_07108",1
"CNAG_07163",2
"CNAG_07176",1
"CNAG_07188",6
"CNAG_07203",1
"CNAG_07253",1
"CNAG_07312",1
"CNAG_07315",1
"CNAG_07321",1
"CNAG_07323",1
"CNAG_07332",1
"CNAG_07333",1
"CNAG_07340",1
"CNAG_07344",1
"CNAG_07349",1
"CNAG_07352",1
"CNAG_07353",1
"CNAG_07356",1
"CNAG_07358",2
"CNAG_07367",2
"CNAG_07369",2
"CNAG_07373",3
"CNAG_07375",1
"CNAG_07377",2
"CNAG_07387",2
"CNAG_07395",1
"CNAG_07400",1
"CNAG_07402",1
"CNAG_07403",1
"CNAG_07405",1
"CNAG_07409",1
"CNAG_07410",3
"CNAG_07411",1
"CNAG_07415",3
"CNAG_07418",1
"CNAG_07419",1
"CNAG_07420",11
"CNAG_07423",2
"CNAG_07425",10
"CNAG_07426",1
"CNAG_07429",1
"CNAG_07432",2
"CNAG_07433",2
"CNAG_07439",3
"CNAG_07441",5
"CNAG_07443",3
"CNAG_07444",2
"CNAG_07445",1
"CNAG_07446",1
"CNAG_07447",1
"CNAG_07453",1
"CNAG_07459",2
"CNAG_07463",5
"CNAG_07464",7
"CNAG_07465",1
"CNAG_07469",1
"CNAG_07470",3
"CNAG_07473",5
"CNAG_07475",1
"CNAG_07479",2
"CNAG_07480",1
"CNAG_07483",2
"CNAG_07486",1
"CNAG_07488",1
"CNAG_07490",1
"CNAG_07491",6
"CNAG_07494",1
"CNAG_07499",1
"CNAG_07502",1
"CNAG_07505",2
"CNAG_07506",1
"CNAG_07508",2
"CNAG_07513",4
"CNAG_07514",1
"CNAG_07515",1
"CNAG_07518",1
"CNAG_07519",1
"CNAG_07521",1
"CNAG_07522",1
"CNAG_07524",1
"CNAG_07525",1
"CNAG_07527",1
"CNAG_07528",2
"CNAG_07530",4
"CNAG_07531",1
"CNAG_07534",2
"CNAG_07537",1
"CNAG_07538",3
"CNAG_07539",1
"CNAG_07541",2
"CNAG_07542",1
"CNAG_07548",1
"CNAG_07553",1
"CNAG_07555",1
"CNAG_07557",1
"CNAG_07561",1
"CNAG_07564",1
"CNAG_07566",2
"CNAG_07567",1
"CNAG_07570",1
"CNAG_07572",1
"CNAG_07574",1
"CNAG_07575",1
"CNAG_07580",1
"CNAG_07583",2
"CNAG_07587",1
"CNAG_07591",1
"CNAG_07598",2
"CNAG_07604",3
"CNAG_07605",6
"CNAG_07612",1
"CNAG_07618",2
"CNAG_07625",2
"CNAG_07627",2
"CNAG_07634",4
"CNAG_07641",2
"CNAG_07642",2
"CNAG_07650",2
"CNAG_07651",13
"CNAG_07659",1
"CNAG_07661",1
"CNAG_07666",1
"CNAG_07667",1
"CNAG_07674",1
"CNAG_07677",6
"CNAG_07679",1
"CNAG_07681",1
"CNAG_07682",1
"CNAG_07683",3
"CNAG_07685",2
"CNAG_07686",1
"CNAG_07689",1
"CNAG_07690",1
"CNAG_07692",1
"CNAG_07693",4
"CNAG_07695",1
"CNAG_07699",4
"CNAG_07706",1
"CNAG_07707",1
"CNAG_07711",1
"CNAG_07717",1
"CNAG_07724",1
"CNAG_07728",1
"CNAG_07730",1
"CNAG_07732",1
"CNAG_07736",1
"CNAG_07738",1
"CNAG_07739",2
"CNAG_07740",1
"CNAG_07748",1
"CNAG_07749",1
"CNAG_07751",1
"CNAG_07756",2
"CNAG_07757",2
"CNAG_07762",1
"CNAG_07768",4
"CNAG_07769",1
"CNAG_07771",1
"CNAG_07772",6
"CNAG_07773",1
"CNAG_07774",4
"CNAG_07777",1
"CNAG_07780",1
"CNAG_07781",1
"CNAG_07795",2
"CNAG_07800",1
"CNAG_07802",2
"CNAG_07804",1
"CNAG_07806",5
"CNAG_07807",2
"CNAG_07808",1
"CNAG_07812",3
"CNAG_07815",1
"CNAG_07830",1
"CNAG_07837",1
"CNAG_07840",1
"CNAG_07842",1
"CNAG_07845",2
"CNAG_07847",7
"CNAG_07848",3
"CNAG_07853",1
"CNAG_07855",2
"CNAG_07856",1
"CNAG_07857",1
"CNAG_07859",1
"CNAG_07860",1
"CNAG_07861",1
"CNAG_07867",2
"CNAG_07869",1
"CNAG_07874",1
"CNAG_07875",1
"CNAG_07876",1
"CNAG_07879",1
"CNAG_07881",2
"CNAG_07883",3
"CNAG_07884",1
"CNAG_07886",1
"CNAG_07889",1
"CNAG_07896",1
"CNAG_07898",2
"CNAG_07908",2
"CNAG_07909",2
"CNAG_07910",4
"CNAG_07912",1
"CNAG_07922",1
"CNAG_07931",1
"CNAG_07936",1
"CNAG_07937",1
"CNAG_07938",1
"CNAG_07939",3
"CNAG_07941",1
"CNAG_07942",3
"CNAG_07944",3
"CNAG_07947",1
"CNAG_07950",3
"CNAG_07951",1
"CNAG_07956",2
"CNAG_07959",2
"CNAG_07960",1
"CNAG_07963",1
"CNAG_07964",2
"CNAG_07968",2
"CNAG_07970",1
"CNAG_07971",2
"CNAG_07972",3
"CNAG_07976",1
"CNAG_07978",1
"CNAG_07980",2
"CNAG_07990",2
"CNAG_07994",1
"CNAG_07995",6
"CNAG_08000",1
"CNAG_08002",6
"CNAG_08013",7
"CNAG_08014",1
"CNAG_08016",1
"CNAG_08018",6
"CNAG_08023",1
"CNAG_08025",1
"CNAG_08026",1
"CNAG_08027",1
"CNAG_10023",1
"CNAG_12013",1
"CNAG_12014",1
"CNAG_12029",1
"CNAG_12031",2
"CNAG_12050",1
"CNAG_12052",1
"CNAG_12063",1
"CNAG_12074",1
"CNAG_12075",1
"CNAG_12076",2
"CNAG_12077",1
"CNAG_12081",1
"CNAG_12083",1
"CNAG_12088",1
"CNAG_12099",1
"CNAG_12126",2
"CNAG_12129",1
"CNAG_12131",1
"CNAG_12172",1
"CNAG_12177",1
"CNAG_12178",1
"CNAG_12179",3
"CNAG_12180",2
"CNAG_12188",1
"CNAG_12215",1
"CNAG_12222",2
"CNAG_12231",1
"CNAG_12232",1
"CNAG_12242",1
"CNAG_12247",1
"CNAG_12249",1
"CNAG_12254",1
"CNAG_12262",1
"CNAG_12263",1
"CNAG_12267",2
"CNAG_12270",1
"CNAG_12293",1
"CNAG_12310",1
"CNAG_12360",1
"CNAG_12379",1
"CNAG_12403",2
"CNAG_12405",1
"CNAG_12406",1
"CNAG_12409",1
"CNAG_12415",2
"CNAG_12417",1
"CNAG_12418",1
"CNAG_12456",1
"CNAG_12459",1
"CNAG_12460",1
"CNAG_12461",2
"CNAG_12481",2
"CNAG_12491",2
"CNAG_12492",2
"CNAG_12516",1
"CNAG_12522",1
"CNAG_12527",1
"CNAG_12529",1
"CNAG_12534",1
"CNAG_12538",1
"CNAG_12541",2
"CNAG_12555",1
"CNAG_12569",1
"CNAG_12571",11
"CNAG_12572",1
"CNAG_12581",1
"CNAG_12604",1
"CNAG_12608",1
"CNAG_12617",2
"CNAG_12620",1
"CNAG_12627",2
"CNAG_12651",1
"CNAG_12653",1
"CNAG_12655",4
"CNAG_12666",1
"CNAG_12670",1
"CNAG_12671",2
"CNAG_12689",1
"CNAG_12693",1
"CNAG_12696",5
"CNAG_12704",1
"CNAG_12709",2
"CNAG_12712",1
"CNAG_12738",1
"CNAG_12739",1
"CNAG_12742",1
"CNAG_12747",3
"CNAG_12748",2
"CNAG_12749",1
"CNAG_12761",1
"CNAG_12772",1
"CNAG_12774",3
"CNAG_12780",2
"CNAG_12790",4
"CNAG_12800",1
"CNAG_12822",1
"CNAG_12832",1
"CNAG_12840",1
"CNAG_12841",1
"CNAG_12851",6
"CNAG_12852",3
"CNAG_12872",1
"CNAG_12876",1
"CNAG_12886",4
"CNAG_12900",2
"CNAG_12901",1
"CNAG_12913",1
"CNAG_12915",2
"CNAG_12927",1
"CNAG_12932",1
"CNAG_12937",8
"CNAG_12951",2
"CNAG_12961",1
"CNAG_12988",1
"CNAG_13004",7
"CNAG_13005",1
"CNAG_13030",1
"CNAG_13031",1
"CNAG_13060",1
"CNAG_13062",1
"CNAG_13066",1
"CNAG_13082",1
"CNAG_13083",1
"CNAG_13089",1
"CNAG_13092",2
"CNAG_13125",1
"CNAG_13132",1
"CNAG_13133",1
"CNAG_13134",4
"CNAG_13142",1
"CNAG_13144",1
"CNAG_13145",1
"CNAG_13149",1
"CNAG_13153",4
"CNAG_13155",1
"CNAG_13174",1
"CNAG_13176",1
"CNAG_13194",1
"CNAG_13198",1
"CNAG_13201",1
